bucket,count,mean,std,se,ci_lower,ci_upper,signal,target
"(-0.9992, -0.9205]",3701,-5.809592349790601e-08,3.791206219212451e-06,6.231862544349825e-08,-1.8024042936716258e-07,6.404858237135056e-08,l1_imb,ret_1
"(-0.9205, -0.8389]",3710,-1.8963963302064822e-09,7.408691149685516e-08,1.2163387303899312e-09,-4.2804202417707474e-09,4.876275813577829e-10,l1_imb,ret_1
"(-0.8389, -0.3605]",4929,1.0572447803314927e-06,5.819521042332899e-05,8.289108679873041e-07,-5.674205209236233e-07,2.6819100815866086e-06,l1_imb,ret_1
"(-0.3605, -0.3518]",2523,4.040871163772883e-09,1.9921326898536688e-08,3.9660632577533413e-10,3.2635227652532282e-09,4.818219562292538e-09,l1_imb,ret_1
"(-0.3518, 0.3548]",5259,8.90307347188038e-10,8.74842372378641e-09,1.2063635988963423e-10,6.538600818043549e-10,1.126754612571721e-09,l1_imb,ret_1
"(0.3548, 0.9267]",1756,-3.8098382142134516e-07,1.9036667614401867e-05,4.542852867844697e-07,-1.2713829835189057e-06,5.094153406762155e-07,l1_imb,ret_1
"(0.9267, 0.9903]",4135,4.771197448359773e-09,4.0495260183284314e-08,6.297474777131451e-10,3.536892392042009e-09,6.005502504677537e-09,l1_imb,ret_1
"(0.9903, 0.998]",3862,9.111462096210647e-08,3.737392386022766e-06,6.013988063379027e-08,-2.675954508012246e-08,2.089887870043354e-07,l1_imb,ret_1
"(0.998, 0.9983]",2998,-3.8820844558671837e-07,1.5305863801562078e-05,2.7953875732813e-07,-9.361044099498532e-07,1.5968751877641646e-07,l1_imb,ret_1
"(0.9983, 0.9992]",3589,3.2331364274034415e-07,1.6034216153172038e-05,2.6764615256562685e-07,-2.0127281628828443e-07,8.479001017689727e-07,l1_imb,ret_1
"(-0.9992, -0.9205]",3701,-4.788346146696486e-07,1.3847329802245519e-05,2.2761794253386445e-07,-9.24965782036023e-07,-3.27034473032743e-08,l1_imb,ret_5
"(-0.9205, -0.8389]",3710,-6.547078680125361e-09,1.6475057681131226e-07,2.7048300891607105e-09,-1.1848545654880353e-08,-1.2456117053703687e-09,l1_imb,ret_5
"(-0.8389, -0.3605]",4929,3.944042214842321e-06,0.00011677991225222748,1.6633695062587204e-06,6.838379825752286e-07,7.204246447109413e-06,l1_imb,ret_5
"(-0.3605, -0.3518]",2519,2.4108144406375077e-08,4.2165333015720645e-08,8.401202461067513e-10,2.2461508724005844e-08,2.575478008874431e-08,l1_imb,ret_5
"(-0.3518, 0.3548]",5259,5.1395807903263705e-09,6.711090660819274e-08,9.254256238290124e-10,3.325746567621506e-09,6.953415013031235e-09,l1_imb,ret_5
"(0.3548, 0.9288]",1758,2.2368466381408797e-06,9.804143985915347e-05,2.3383000847824785e-06,-2.3462215280327783e-06,6.819914804314538e-06,l1_imb,ret_5
"(0.9288, 0.9903]",4133,1.6359162892305326e-08,5.649822604675901e-08,8.788244059091952e-10,1.4636667056723304e-08,1.808165872788735e-08,l1_imb,ret_5
"(0.9903, 0.998]",3862,3.2142015808287764e-07,7.435002807350155e-06,1.196396137098595e-07,8.6926515211553e-08,5.559138009542022e-07,l1_imb,ret_5
"(0.998, 0.9983]",2998,-1.9774252140387784e-07,1.5981819488732185e-05,2.91884079046015e-07,-7.698353163340672e-07,3.7435027352631154e-07,l1_imb,ret_5
"(0.9983, 0.9992]",3589,3.1525525287757554e-07,1.6087786232999428e-05,2.6854035441631093e-07,-2.1108384177839386e-07,8.415943475335449e-07,l1_imb,ret_5
"(-0.9992, -0.9205]",3701,-1.3264145396956428e-06,2.494982368340668e-05,4.1011715720663965e-07,-2.1302441678206565e-06,-5.22584911570629e-07,l1_imb,ret_10
"(-0.9205, -0.8389]",3710,-1.4283059417317508e-08,2.3601683337280661e-07,3.874860075217434e-09,-2.187778516474368e-08,-6.688333669891338e-09,l1_imb,ret_10
"(-0.8389, -0.3605]",4929,6.061070386453528e-06,0.00014140671545546718,2.014144504243206e-06,2.113347158136844e-06,1.0008793614770212e-05,l1_imb,ret_10
"(-0.3605, -0.3518]",2514,4.7486098647381886e-08,7.151893840178483e-08,1.4263904506230393e-09,4.469037336416073e-08,5.0281823930603044e-08,l1_imb,ret_10
"(-0.3518, 0.3548]",5259,7.680849296472779e-07,5.485674222192021e-05,7.56446864714989e-07,-7.145509251941005e-07,2.250720784488656e-06,l1_imb,ret_10
"(0.3548, 0.9296]",1760,8.357039652466977e-06,0.0001667298179850069,3.9742660990107744e-06,5.674780984058593e-07,1.6146601206528095e-05,l1_imb,ret_10
"(0.9296, 0.9903]",4131,-7.769240587040005e-08,4.825057410032774e-06,7.507146439511849e-08,-2.2483247608483227e-07,6.944766434403219e-08,l1_imb,ret_10
"(0.9903, 0.998]",3862,3.76978278287469e-07,7.676391967581006e-06,1.2352390355238873e-07,1.3487142732478709e-07,6.190851292501509e-07,l1_imb,ret_10
"(0.998, 0.9983]",2998,3.114521659136767e-07,1.852094875716238e-05,3.3825748531662493e-07,-3.5153250530690815e-07,9.744368371342615e-07,l1_imb,ret_10
"(0.9983, 0.9992]",3589,3.2642170642784945e-07,1.6170388473493566e-05,2.6991916655470056e-07,-2.0261986001936367e-07,8.554632728750626e-07,l1_imb,ret_10
"(-0.9992, -0.9205]",3701,-1.545962542034445e-06,1.8901222028843625e-05,3.106921934424842e-07,-2.154919241181714e-06,-9.37005842887176e-07,l1_imb,ret_25
"(-0.9205, -0.8389]",3710,-2.5288877456091233e-08,3.6389432245534757e-07,5.974317854918679e-09,-3.699854045173184e-08,-1.3579214460450623e-08,l1_imb,ret_25
"(-0.8389, -0.3605]",4929,9.827162726182441e-06,0.00018202820710882397,2.592741877813745e-06,4.745388645667501e-06,1.4908936806697381e-05,l1_imb,ret_25
"(-0.3605, -0.3518]",2499,1.0813240942064914e-07,1.7111800566170836e-07,3.423044790666892e-09,1.0142324163094204e-07,1.1484157721035624e-07,l1_imb,ret_25
"(-0.3518, 0.3548]",5259,4.799109929981639e-06,0.00013477583625558904,1.858490946517465e-06,1.1564676748074072e-06,8.44175218515587e-06,l1_imb,ret_25
"(0.3548, 0.9301]",1766,9.58214829662915e-06,0.00017260026864695613,4.107202519368675e-06,1.5320313586665467e-06,1.7632265234591753e-05,l1_imb,ret_25
"(0.9301, 0.9903]",4125,-1.6058813799355115e-08,1.4194352296434802e-05,2.2100576551662364e-07,-4.492301142119375e-07,4.171124866132272e-07,l1_imb,ret_25
"(0.9903, 0.998]",3862,7.0808693300080965e-06,0.00015752371489055543,2.5347773078198557e-06,2.11270580668118e-06,1.2049032853335013e-05,l1_imb,ret_25
"(0.998, 0.9983]",2998,1.0724966398063363e-06,1.7879739742297053e-05,3.265467597066953e-07,4.3246499078121356e-07,1.712528288831459e-06,l1_imb,ret_25
"(0.9983, 0.9992]",3589,5.575915398416034e-07,1.684526262369294e-05,2.811842928347355e-07,6.470325885521905e-09,1.1087127537976849e-06,l1_imb,ret_25
"(-0.9992, -0.9205]",3701,1.2333030666665726e-06,0.00013337386672237808,2.192356617823212e-06,-3.0637159042669226e-06,5.530322037600067e-06,l1_imb,ret_50
"(-0.9205, -0.8389]",3710,1.1540074966617879e-07,9.532915106202959e-06,1.5650880328148243e-07,-1.9135650476552676e-07,4.2215800409788437e-07,l1_imb,ret_50
"(-0.8389, -0.3605]",4929,2.6133324345519574e-05,0.0003076928162061086,4.382661691564576e-06,1.7543307430053004e-05,3.4723341260986144e-05,l1_imb,ret_50
"(-0.3605, -0.3518]",2474,1.1493006351928667e-06,2.3295918537002633e-05,4.6836020920112285e-07,2.3131462515866591e-07,2.0672866452270673e-06,l1_imb,ret_50
"(-0.3518, 0.3548]",5259,6.533735055943724e-06,0.00015569323986091237,2.1469314140759297e-06,2.3257494843549017e-06,1.0741720627532545e-05,l1_imb,ret_50
"(0.3548, 0.9322]",1794,1.1294214315266616e-05,0.00016335646834053421,3.856782219763868e-06,3.734921164529435e-06,1.8853507466003796e-05,l1_imb,ret_50
"(0.9322, 0.9903]",4097,6.226114605225715e-07,1.620812538415968e-05,2.532210502411741e-07,1.2629820204987034e-07,1.1189247189952727e-06,l1_imb,ret_50
"(0.9903, 0.998]",3862,7.241475464481437e-06,0.00015759432658018463,2.535913548852917e-06,2.2710849087297198e-06,1.2211866020233155e-05,l1_imb,ret_50
"(0.998, 0.9983]",2998,2.7478630891752547e-06,2.0900315558650245e-05,3.8171306858451235e-07,1.9997054747496104e-06,3.496020703600899e-06,l1_imb,ret_50
"(0.9983, 0.9992]",3589,1.415532602550293e-06,2.0787925415809734e-05,3.469959618987673e-07,7.354205172287091e-07,2.095644687871877e-06,l1_imb,ret_50
"(-0.9992, -0.9205]",3687,-1.8361440522729776e-06,0.00013628923325073242,2.244527751620134e-06,-6.23541844544844e-06,2.5631303409024844e-06,l1_imb,ret_100
"(-0.9205, -0.8389]",3710,2.2803772472881219e-07,1.3469538655294467e-05,2.2113921630562804e-07,-2.0539513923021879e-07,6.614705886878431e-07,l1_imb,ret_100
"(-0.8389, -0.3605]",4929,6.165169760336523e-05,0.00046912119078730243,6.6819872394663e-06,4.855500261401129e-05,7.474839259271918e-05,l1_imb,ret_100
"(-0.3605, -0.3518]",2438,1.3800221931742064e-06,2.343396743291266e-05,4.7460135235956756e-07,4.498035425494539e-07,2.3102408437989587e-06,l1_imb,ret_100
"(-0.3518, 0.3548]",5259,7.346896034628878e-06,0.0001659062316039641,2.287763429804062e-06,2.8628797122129164e-06,1.183091235704484e-05,l1_imb,ret_100
"(0.3548, 0.9329]",1797,3.742422226044383e-05,0.0003299293404943174,7.782997668605865e-06,2.216954682997633e-05,5.2678897690911324e-05,l1_imb,ret_100
"(0.9329, 0.9903]",4094,1.208155207561675e-06,2.121276208857989e-05,3.3153035754554595e-07,5.583557067724049e-07,1.857954708350945e-06,l1_imb,ret_100
"(0.9903, 0.998]",3862,9.036802376850688e-06,0.0001580186725049984,2.5427418694117046e-06,4.053028312803746e-06,1.4020576440897629e-05,l1_imb,ret_100
"(0.998, 0.9983]",2998,4.813343394963415e-06,2.756995570650165e-05,5.035240910088664e-07,3.826436176586037e-06,5.800250613340793e-06,l1_imb,ret_100
"(0.9983, 0.9992]",3589,2.441269019897536e-06,2.499507709982972e-05,4.1722252930506896e-07,1.6235128624596006e-06,3.259025177335471e-06,l1_imb,ret_100
"(-0.979, -0.902]",3650,1.8267557560993084e-09,9.439955695728588e-09,1.5625125843860884e-10,1.520503289559635e-09,2.133008222638982e-09,l5_imb,ret_1
"(-0.902, -0.874]",3658,1.1346209882272016e-09,7.781850768717161e-09,1.286651846435599e-10,8.824372263258242e-10,1.386804750128579e-09,l5_imb,ret_1
"(-0.874, -0.828]",3631,2.52719720513822e-10,4.7946484039440044e-08,7.956895254529414e-10,-1.306831749373943e-09,1.812271190401587e-09,l5_imb,ret_1
"(-0.828, -0.768]",3646,3.094832545291961e-10,7.920989739267067e-08,1.3118105476949496e-09,-2.2616654189529047e-09,2.8806319280112973e-09,l5_imb,ret_1
"(-0.768, -0.679]",3649,2.7692029747685476e-07,1.5893733733226268e-05,2.6311099766135215e-07,-2.3877725793939546e-07,7.92617852893105e-07,l5_imb,ret_1
"(-0.679, -0.612]",3643,-1.827287900184244e-09,1.3066753499941274e-07,2.1649013573676376e-09,-6.070494560624814e-09,2.4159187602563254e-09,l5_imb,ret_1
"(-0.612, -0.514]",3646,9.145157452562757e-07,6.680568928502853e-05,1.1063820398060627e-06,-1.2539930527636072e-06,3.0830245432761587e-06,l5_imb,ret_1
"(-0.514, -0.418]",3648,1.0045554386622815e-07,4.121850643227487e-06,6.824405684930213e-08,-3.330280755840403e-08,2.3421389529086034e-07,l5_imb,ret_1
"(-0.418, -0.333]",3644,8.508842793339639e-08,7.1706960299421045e-06,1.187878792250115e-07,-1.4773581534762614e-07,3.1791267121441895e-07,l5_imb,ret_1
"(-0.333, 0.42]",3647,-8.895532690518775e-08,2.1091720478292852e-05,3.4925620082193057e-07,-7.734974805161717e-07,5.955868267057962e-07,l5_imb,ret_1
"(-0.979, -0.902]",3650,6.322432356162294e-09,3.4127000449679454e-08,5.648741306498075e-10,5.2152790600886714e-09,7.429585652235916e-09,l5_imb,ret_5
"(-0.902, -0.874]",3658,5.925283317093827e-09,1.9766656229646256e-08,3.2682205675250555e-10,5.284712085858916e-09,6.5658545483287385e-09,l5_imb,ret_5
"(-0.874, -0.828]",3631,3.393640084055966e-09,7.770714674092314e-08,1.2895786615703913e-09,8.66065907377999e-10,5.9212142607339326e-09,l5_imb,ret_5
"(-0.828, -0.768]",3645,1.7692811365745844e-07,1.8997308324034237e-05,3.146612800152826e-07,-4.398079951724954e-07,7.936642224874123e-07,l5_imb,ret_5
"(-0.768, -0.679]",3650,1.9654587951636235e-07,2.8606885304747344e-05,4.7350453465562895e-07,-7.315230084086703e-07,1.1246147674413951e-06,l5_imb,ret_5
"(-0.679, -0.612]",3641,1.2445347297822006e-06,6.662617106521079e-05,1.1041663713720743e-06,-9.196313581070648e-07,3.408700817671466e-06,l5_imb,ret_5
"(-0.612, -0.514]",3646,3.2279468795557984e-06,0.00011519585963827827,1.9077810816387082e-06,-5.113040404560696e-07,6.967197799567666e-06,l5_imb,ret_5
"(-0.514, -0.418]",3646,1.2187735875988998e-06,6.600935983650761e-05,1.093193872614894e-06,-9.238864027262924e-07,3.361433577924092e-06,l5_imb,ret_5
"(-0.418, -0.333]",3646,3.8611955506051653e-07,8.88310806449788e-06,1.4711488385794374e-07,9.777438269894678e-08,6.744647274220863e-07,l5_imb,ret_5
"(-0.333, 0.42]",3645,-1.6416328384189417e-08,2.1915665656230734e-05,3.6299939392214415e-07,-7.278951404715919e-07,6.950624837032132e-07,l5_imb,ret_5
"(-0.979, -0.902]",3650,1.1969342084899783e-08,6.03699719418499e-08,9.992508854766942e-10,1.0010810349365463e-08,1.3927873820434103e-08,l5_imb,ret_10
"(-0.902, -0.874]",3658,1.1775250800914086e-08,4.002696870176757e-08,6.618062298801842e-10,1.0478110590348925e-08,1.3072391011479247e-08,l5_imb,ret_10
"(-0.874, -0.828]",3628,2.9154082892781695e-09,1.8827736095731727e-07,3.1258235805175054e-09,-3.2112059285361405e-09,9.04202250709248e-09,l5_imb,ret_10
"(-0.828, -0.768]",3648,-8.166689059148553e-08,2.0470347388419966e-05,3.3892046845405203e-07,-7.459510087614274e-07,5.826172275784564e-07,l5_imb,ret_10
"(-0.768, -0.679]",3650,2.849806260548329e-07,3.042074583144596e-05,5.035277677156122e-07,-7.019337986677671e-07,1.271895050777433e-06,l5_imb,ret_10
"(-0.679, -0.612]",3639,9.95897109200231e-07,6.765803698941755e-05,1.1215751164140133e-06,-1.2023901189712351e-06,3.194184337371697e-06,l5_imb,ret_10
"(-0.612, -0.514]",3644,5.775700199322175e-06,0.00014803288658516646,2.4522741697015644e-06,9.692428267071091e-07,1.058215757193724e-05,l5_imb,ret_10
"(-0.514, -0.418]",3645,3.4068422635174192e-06,0.00011424218685300367,1.8922466348262887e-06,-3.0196114074210663e-07,7.115645667776945e-06,l5_imb,ret_10
"(-0.418, -0.333]",3646,1.9411177454001018e-06,6.852524230566598e-05,1.1348598924992748e-06,-2.832076438984766e-07,4.16544313469868e-06,l5_imb,ret_10
"(-0.333, 0.42]",3645,5.527363362725509e-07,2.2960027444363172e-05,3.802976454137542e-07,-1.9264704873840738e-07,1.298119721283509e-06,l5_imb,ret_10
"(-0.979, -0.902]",3650,2.939141972471959e-08,8.906260851772314e-08,1.4741747852711016e-09,2.650203714558823e-08,3.228080230385095e-08,l5_imb,ret_25
"(-0.902, -0.874]",3638,9.493201475514477e-09,3.7997346901354217e-07,6.2997298552468795e-09,-2.8542690407694064e-09,2.184067199179836e-08,l5_imb,ret_25
"(-0.874, -0.828]",3647,-5.805899840624749e-09,4.2414531908893715e-07,7.0233901920834495e-09,-1.957174461710831e-08,7.959944935858811e-09,l5_imb,ret_25
"(-0.828, -0.768]",3649,-3.427261086232125e-07,1.997531864226136e-05,3.3067912831467407e-07,-9.908572001199736e-07,3.054049828735486e-07,l5_imb,ret_25
"(-0.768, -0.679]",3635,1.3786235769676787e-07,3.0348878718255604e-05,5.033736089839879e-07,-8.487499159118484e-07,1.1244746313053842e-06,l5_imb,ret_25
"(-0.679, -0.612]",3648,3.9094391309183155e-06,0.0001156439808952369,1.9146774324444127e-06,1.5667136332726654e-07,7.662206898509364e-06,l5_imb,ret_25
"(-0.612, -0.514]",3639,9.443663704645445e-06,0.00018795561508554214,3.1157620033109566e-06,3.33677017815597e-06,1.5550557231134917e-05,l5_imb,ret_25
"(-0.514, -0.418]",3644,9.00272245254223e-06,0.00018673451581330323,3.093395260229816e-06,2.939667742491791e-06,1.5065777162592671e-05,l5_imb,ret_25
"(-0.418, -0.333]",3646,6.829108705585667e-06,0.00015039719969621584,2.490757334619842e-06,1.9472243297307762e-06,1.1710993081440557e-05,l5_imb,ret_25
"(-0.333, 0.42]",3642,3.2528686233811585e-06,7.377417490058666e-05,1.2224592477350599e-06,8.568484978204412e-07,5.648888748941876e-06,l5_imb,ret_25
"(-0.979, -0.902]",3650,5.968995546638309e-08,1.5096119219966542e-07,2.498727432297539e-09,5.479244969907991e-08,6.458746123368626e-08,l5_imb,ret_50
"(-0.902, -0.874]",3638,-1.2404003446481789e-08,6.857201882026443e-07,1.136882517924363e-08,-3.46869007977993e-08,9.878893904835722e-09,l5_imb,ret_50
"(-0.874, -0.828]",3639,2.193587408076947e-06,9.314619572888754e-05,1.544095276286095e-06,-8.328393334437993e-07,5.220014149597693e-06,l5_imb,ret_50
"(-0.828, -0.768]",3638,1.2742678860256947e-06,9.639749294532762e-05,1.5982120168947573e-06,-1.8582276670880295e-06,4.406763439139419e-06,l5_imb,ret_50
"(-0.768, -0.68]",3643,1.1042249514717251e-05,0.00022246489484319427,3.685801165644126e-06,3.818079230054764e-06,1.8266419799379738e-05,l5_imb,ret_50
"(-0.68, -0.612]",3653,1.3904872754998021e-05,0.0002202803929906638,3.644609530553333e-06,6.761438075113488e-06,2.1048307434882553e-05,l5_imb,ret_50
"(-0.612, -0.514]",3629,1.3260964860207649e-05,0.00021135509693129812,3.5084819083780287e-06,6.384340319786713e-06,2.0137589400628585e-05,l5_imb,ret_50
"(-0.514, -0.417]",3645,9.72558399158796e-06,0.00018364109852369329,3.041733183420107e-06,3.7637869520845504e-06,1.568738103109137e-05,l5_imb,ret_50
"(-0.417, -0.332]",3636,7.596790343188715e-06,0.0001501822047816309,2.49061465109092e-06,2.7151856270505115e-06,1.2478395059326918e-05,l5_imb,ret_50
"(-0.332, 0.42]",3642,5.518279461987001e-06,7.596588388477877e-05,1.2587764945179628e-06,3.0510775327317942e-06,7.985481391242207e-06,l5_imb,ret_50
"(-0.979, -0.902]",3650,1.2066947657397834e-07,2.4573579301548e-07,4.067447786799678e-09,1.1269727891185097e-07,1.286416742361057e-07,l5_imb,ret_100
"(-0.902, -0.874]",3632,-9.244635659428024e-07,1.4327847886537377e-05,2.3774316618383117e-07,-1.3904401716631116e-06,-4.584869602224933e-07,l5_imb,ret_100
"(-0.874, -0.828]",3631,2.2348374853499946e-07,9.567313088893007e-05,1.5877307719370986e-06,-2.8884685644617137e-06,3.3354360615317128e-06,l5_imb,ret_100
"(-0.828, -0.768]",3636,1.550005882526495e-05,0.0002557961236141576,4.242110935127307e-06,7.185521392415426e-06,2.381459625811447e-05,l5_imb,ret_100
"(-0.768, -0.68]",3634,3.1811445076487016e-05,0.00035029120952842176,5.810811367505399e-06,2.0422254796176435e-05,4.3200635356797596e-05,l5_imb,ret_100
"(-0.68, -0.612]",3636,2.6317743297440222e-05,0.000304342121290959,5.047195487198392e-06,1.6425240142531375e-05,3.621024645234907e-05,l5_imb,ret_100
"(-0.612, -0.513]",3639,2.1618105715594063e-05,0.00026719203710327735,4.429273349533896e-06,1.2936729950507627e-05,3.02994814806805e-05,l5_imb,ret_100
"(-0.513, -0.417]",3632,1.535511785752669e-05,0.00022085346347566702,3.664639803909829e-06,8.172423841863427e-06,2.2537811873189955e-05,l5_imb,ret_100
"(-0.417, -0.332]",3636,9.80287250535203e-06,0.00016104441565660603,2.670753047565981e-06,4.568196532122708e-06,1.5037548478581353e-05,l5_imb,ret_100
"(-0.332, 0.42]",3637,9.519125039230893e-06,8.169392753920734e-05,1.3546220022501755e-06,6.8640659148205495e-06,1.2174184163641238e-05,l5_imb,ret_100
"(-0.0034, -0.000336]",3821,1.3610902547084086e-06,6.609529693138892e-05,1.0692568450042537e-06,-7.346531614999285e-07,3.4568336709167455e-06,microprice_dev,ret_1
"(-0.000336, -0.000173]",3497,5.929346140629151e-10,6.508529430964269e-08,1.1006140609816085e-09,-1.5642689454610376e-09,2.750138173586868e-09,microprice_dev,ret_1
"(-0.000173, -0.00013]",3635,-5.96237294551541e-08,3.825440017548777e-06,6.344964390486646e-08,-1.8398503150869233e-07,6.473757259838415e-08,microprice_dev,ret_1
"(-0.00013, -6.24e-05]",3751,3.365546942086541e-09,2.420806006683146e-08,3.952632672532339e-10,2.5908309382702027e-09,4.14026294590288e-09,microprice_dev,ret_1
"(-6.24e-05, 5.89e-05]",3531,7.193347409509456e-08,3.4127428102059828e-06,5.743210067249673e-08,-4.0633443222999035e-08,1.8450039141318816e-07,microprice_dev,ret_1
"(5.89e-05, 0.000154]",3642,1.4062110543057677e-09,8.479471541025519e-09,1.405072766344212e-10,1.130816792102302e-09,1.6816053165092333e-09,microprice_dev,ret_1
"(0.000154, 0.00017]",3676,-6.563556743851594e-08,6.114296052780189e-06,1.0084600815870742e-07,-2.632937434295825e-07,1.3202260855255059e-07,microprice_dev,ret_1
"(0.00017, 0.000175]",3617,1.8431222586617137e-09,1.1182435404804385e-07,1.8593542627301943e-09,-1.801212096289467e-09,5.4874566136128945e-09,microprice_dev,ret_1
"(0.000175, 0.000191]",3663,-3.1417397878704464e-07,1.382751472561742e-05,2.2846815276903106e-07,-7.619715582143455e-07,1.3362360064025625e-07,microprice_dev,ret_1
"(0.000191, 0.00282]",3629,2.2891626291218702e-07,1.9897152349013182e-05,3.3029153334043226e-07,-4.1845514243506027e-07,8.762876682594343e-07,microprice_dev,ret_1
"(-0.0034, -0.000336]",3821,4.8951760726042765e-06,0.0001330623417571456,2.1526163939291566e-06,6.760479405031297e-07,9.114304204705423e-06,microprice_dev,ret_5
"(-0.000336, -0.000173]",3497,1.3620426800845028e-09,1.4588862729672677e-07,2.4670254047893895e-09,-3.4733271133027004e-09,6.1974124734717064e-09,microprice_dev,ret_5
"(-0.000173, -0.00013]",3631,-3.0405013593062174e-07,8.554297271286458e-06,1.4196170736470137e-07,-5.822950823654365e-07,-2.580518949580704e-08,microprice_dev,ret_5
"(-0.00013, -6.24e-05]",3751,2.31427557128088e-08,5.187781153437068e-08,8.470481826471593e-10,2.1482541274820366e-08,2.4802970150797233e-08,microprice_dev,ret_5
"(-6.24e-05, 5.89e-05]",3531,3.613265995930843e-07,7.625268220487479e-06,1.2832352053725212e-07,1.0981249934007014e-07,6.128406998460985e-07,microprice_dev,ret_5
"(5.89e-05, 0.000154]",3645,8.696808338928948e-09,2.3296157837622953e-08,3.8586512992214395e-10,7.940512684281545e-09,9.45310399357635e-09,microprice_dev,ret_5
"(0.000154, 0.00017]",3673,8.54732101540513e-09,7.413031963807079e-06,1.223166022392087e-07,-2.3119321937344393e-07,2.482878614042542e-07,microprice_dev,ret_5
"(0.00017, 0.000175]",3617,1.0533877567166911e-08,2.5314245671956123e-07,4.2091144633599925e-09,2.284013218981325e-09,1.87837419153525e-08,microprice_dev,ret_5
"(0.000175, 0.000191]",3663,-2.8001544813248865e-07,1.3828371622130672e-05,2.2848231103010557e-07,-7.278407777514955e-07,1.6780988148651827e-07,microprice_dev,ret_5
"(0.000191, 0.00282]",3629,1.506762563577137e-06,6.982657684720273e-05,1.1591169796676935e-06,-7.651067165715424e-07,3.7786318437258167e-06,microprice_dev,ret_5
"(-0.0034, -0.000336]",3821,8.115940892760178e-06,0.00017431437213165886,2.8199712269675743e-06,2.588797287903732e-06,1.3643084497616623e-05,microprice_dev,ret_10
"(-0.000336, -0.000173]",3497,3.6834327465633595e-09,2.0638253565877848e-07,3.4899975961764513e-09,-3.156962541942485e-09,1.0523828035069204e-08,microprice_dev,ret_10
"(-0.000173, -0.00013]",3626,-6.119694010113512e-07,1.2098149231041488e-05,2.0091161161127513e-07,-1.0057561597694503e-06,-2.1818264225325196e-07,microprice_dev,ret_10
"(-0.00013, -6.24e-05]",3751,4.7717946658340946e-08,7.838040032648054e-08,1.2797759521470056e-09,4.5209585792132814e-08,5.022630752454908e-08,microprice_dev,ret_10
"(-6.24e-05, 5.89e-05]",3607,7.079170756331124e-07,1.0661030900903718e-05,1.775113516794212e-07,3.5999482634144684e-07,1.055839324924778e-06,microprice_dev,ret_10
"(5.89e-05, 0.000155]",3571,1.936132087294068e-08,5.6212721252666106e-08,9.406751793002393e-10,1.7517597521512212e-08,2.120504422436915e-08,microprice_dev,ret_10
"(0.000155, 0.00017]",3671,9.860797683742958e-08,8.769073356168735e-06,1.447309826829438e-07,-1.850647492211403e-07,3.8228070289599946e-07,microprice_dev,ret_10
"(0.00017, 0.000175]",3620,2.181864928392377e-08,3.590787200240009e-07,5.968090266517627e-09,1.0121192361549219e-08,3.3516106206298317e-08,microprice_dev,ret_10
"(0.000175, 0.000191]",3660,-2.392790159179554e-07,1.3837150181095588e-05,2.2872103724448915e-07,-6.875722489171542e-07,2.090142170812433e-07,microprice_dev,ret_10
"(0.000191, 0.00282]",3629,4.3672112121919376e-06,0.00011721674272885067,1.9457908855486647e-06,5.534610765165547e-07,8.18096134786732e-06,microprice_dev,ret_10
"(-0.0034, -0.000336]",3821,1.4620764749322168e-05,0.00022570392431773368,3.651325846551233e-06,7.4641660900817514e-06,2.1777363408562586e-05,microprice_dev,ret_25
"(-0.000336, -0.000173]",3497,1.5469427109853706e-08,3.228542392730012e-07,5.4595729981778825e-09,4.768664033425057e-09,2.6170190186282354e-08,microprice_dev,ret_25
"(-0.000173, -0.00013]",3653,-1.5248198927692772e-06,1.902155501377757e-05,3.1471770931558373e-07,-2.141666603027821e-06,-9.079731825107331e-07,microprice_dev,ret_25
"(-0.00013, -6.24e-05]",3709,1.2210023139818532e-07,1.4084053299679118e-07,2.3125931945731252e-09,1.17567548736822e-07,1.2663291405954864e-07,microprice_dev,ret_25
"(-6.24e-05, 5.89e-05]",3607,2.0960894657852965e-06,2.163956501073488e-05,3.603092862703024e-07,1.3898832646955037e-06,2.8022956668750892e-06,microprice_dev,ret_25
"(5.89e-05, 0.000155]",3576,1.2277065205235332e-07,2.8031700549129623e-06,4.687601559454836e-08,3.0893661487038545e-08,2.146476426176681e-07,microprice_dev,ret_25
"(0.000155, 0.00017]",3666,2.999591514546517e-07,1.1629046496232496e-05,1.9206484346386804e-07,-7.648794173452967e-08,6.764062446438331e-07,microprice_dev,ret_25
"(0.00017, 0.000175]",3622,5.2011574722469605e-08,5.807960877294618e-07,9.650492094150561e-09,3.3096610217934507e-08,7.09265392270047e-08,microprice_dev,ret_25
"(0.000175, 0.000191]",3658,-1.2320391222057479e-07,1.3844886399465229e-05,2.28911465652529e-07,-5.718703848995316e-07,3.2546256045838207e-07,microprice_dev,ret_25
"(0.000191, 0.00282]",3629,1.5957665303485785e-05,0.0002415471644905908,4.009668415570415e-06,8.098715208967772e-06,2.38166153980038e-05,microprice_dev,ret_25
"(-0.0034, -0.000336]",3643,4.4636228278573315e-05,0.0004027448786370015,6.6726821963698e-06,3.155777117368851e-05,5.771468538345812e-05,microprice_dev,ret_50
"(-0.000336, -0.000173]",3675,3.0305862314275855e-08,4.5181265125998914e-07,7.452975880806665e-09,1.569802958789479e-08,4.491369504065692e-08,microprice_dev,ret_50
"(-0.000173, -0.00013]",3628,-3.074450280211874e-06,2.690483617201278e-05,4.4668021109294926e-07,-3.949943493954054e-06,-2.1989570664696933e-06,microprice_dev,ret_50
"(-0.00013, -6.24e-05]",3709,2.42506960791135e-07,2.628650827706731e-07,4.316229061134055e-09,2.3404715183131228e-07,2.5096676975095777e-07,microprice_dev,ret_50
"(-6.24e-05, 5.89e-05]",3607,4.1306774337388794e-06,2.955462491881912e-05,4.920988848529806e-07,3.1661636194270373e-06,5.0951912480507216e-06,microprice_dev,ret_50
"(5.89e-05, 0.000155]",3586,2.5231755649531215e-07,3.96474515361067e-06,6.620794897767379e-08,1.225499764990715e-07,3.820851364915528e-07,microprice_dev,ret_50
"(0.000155, 0.00017]",3656,6.77033684666669e-07,1.5441017648185854e-05,2.553717342441636e-07,1.765050855481084e-07,1.1775622837852297e-06,microprice_dev,ret_50
"(0.00017, 0.000175]",3645,1.0620110424119221e-07,8.376254111846111e-07,1.3873980437703727e-08,7.900810258329291e-08,1.333941058990915e-07,microprice_dev,ret_50
"(0.000175, 0.000191]",3635,2.431146774910706e-07,9.827063491366413e-06,1.6299397619551413e-07,-7.635351585213707e-08,5.625828708342784e-07,microprice_dev,ret_50
"(0.000191, 0.00282]",3629,1.738467259248571e-05,0.000238859603708596,3.965055068089327e-06,9.613164659030628e-06,2.515618052594079e-05,microprice_dev,ret_50
"(-0.0034, -0.000336]",3807,8.966825428739855e-05,0.0005654343730728098,9.164120002320305e-06,7.170657908285076e-05,0.00010762992949194634,microprice_dev,ret_100
"(-0.000336, -0.000173]",3497,4.7944586273940795e-08,6.89988864313511e-07,1.166794210641944e-08,2.5075419745358695e-08,7.081375280252289e-08,microprice_dev,ret_100
"(-0.000173, -0.00013]",3652,-6.09705763905873e-06,3.768108050783433e-05,6.235308753618727e-07,-7.319178154768e-06,-4.874937123349459e-06,microprice_dev,ret_100
"(-0.00013, -6.24e-05]",3649,4.851587194987757e-07,4.728762277127185e-07,7.828175438961145e-09,4.6981549563841183e-07,5.005019433591395e-07,microprice_dev,ret_100
"(-6.24e-05, 5.89e-05]",3607,7.62983761749776e-06,4.299670341099081e-05,7.159160320600115e-07,6.226642194660137e-06,9.033033040335382e-06,microprice_dev,ret_100
"(5.89e-05, 0.000156]",3657,5.434306237943272e-07,5.916121288809803e-06,9.783057112378777e-08,3.5168270439170324e-07,7.351785431969512e-07,microprice_dev,ret_100
"(0.000156, 0.00017]",3585,1.4111553304147091e-06,2.1255458742197846e-05,3.549979968675781e-07,7.153592565542561e-07,2.1069514042751623e-06,microprice_dev,ret_100
"(0.00017, 0.000175]",3645,2.1632666257674216e-07,1.242279010792261e-06,2.057644677890882e-08,1.7599682689008087e-07,2.5665649826340345e-07,microprice_dev,ret_100
"(0.000175, 0.000191]",3635,8.164511591050759e-07,4.954744758751862e-07,8.218055678304739e-09,8.003437699755986e-07,8.325585482345532e-07,microprice_dev,ret_100
"(0.000191, 0.00282]",3629,3.0555775625328383e-05,0.00031288315679284115,5.1938416010885986e-06,2.0375846087194732e-05,4.0735705163462035e-05,microprice_dev,ret_100
