signal,horizon,mean_ic,median_ic,std_ic,min_ic,max_ic,count_sessions,fraction_positive
l1_imb,1,0.032592045361483815,0.032592045361483815,0.11740885673510232,-0.050428553407266895,0.11561264413023452,2,0.5
l1_imb,2,0.07152548177734452,0.07152548177734452,0.1574211072094256,-0.03978805063233483,0.18283901418702386,2,0.5
l1_imb,5,0.20250289519186268,0.20250289519186268,0.13705567034934793,0.10558990128777074,0.2994158890959546,2,1.0
l1_imb,10,0.25213886848344447,0.25213886848344447,0.1542007878301495,0.1431024457444377,0.3611752912224513,2,1.0
l1_imb,20,0.304862888703639,0.304862888703639,0.1400039543144107,0.20586514321498756,0.40386063419229035,2,1.0
l1_imb,50,0.3542281101754011,0.3542281101754011,0.13354997649585268,0.25979401616787967,0.44866220418292263,2,1.0
l1_imb,100,0.3717924517034219,0.3717924517034219,0.12579495011621708,0.28284198943722133,0.46074291396962247,2,1.0
l1_imb,250,0.36004960136196434,0.36004960136196434,0.09854400963740757,0.29036846390204096,0.4297307388218877,2,1.0
l1_imb,500,0.32537743064005153,0.32537743064005153,0.045654336227456634,0.2930949399030463,0.3576599213770568,2,1.0
l5_imb_1k,1,0.07072292544592924,0.07072292544592924,0.10339619429034855,-0.002389224685658,0.14383507557751649,2,0.5
l5_imb_1k,2,0.10299950212878688,0.10299950212878688,0.1702285486033028,-0.017370258940152334,0.2233692631977261,2,0.5
l5_imb_1k,5,0.24487851106184297,0.24487851106184297,0.16326706207243538,0.12943126432601892,0.360325757797667,2,1.0
l5_imb_1k,10,0.3129315434822502,0.3129315434822502,0.1732517507426085,0.19042405567971027,0.43543903128479017,2,1.0
l5_imb_1k,20,0.3824627660305139,0.3824627660305139,0.15484476874055556,0.2729709800228043,0.4919545520382234,2,1.0
l5_imb_1k,50,0.4445057300293201,0.4445057300293201,0.12403937374486494,0.3567966477201935,0.5322148123384467,2,1.0
l5_imb_1k,100,0.4682754396030685,0.4682754396030685,0.10901051778527487,0.3911933632564439,0.5453575159496931,2,1.0
l5_imb_1k,250,0.47190826250455564,0.47190826250455564,0.0900794200099956,0.4082124937701366,0.5356040312389747,2,1.0
l5_imb_1k,500,0.4542080934503751,0.4542080934503751,0.06159455922002666,0.4106541629416979,0.49776202395905234,2,1.0
l5_imb_uni,1,0.1148936638185139,0.1148936638185139,0.04336660748150102,0.08422884159128927,0.14555848604573854,2,1.0
l5_imb_uni,2,0.1396263041256805,0.1396263041256805,0.1120443901763595,0.0603989560380653,0.2188536522132957,2,1.0
l5_imb_uni,5,0.2466733308113654,0.2466733308113654,0.12323811094878043,0.15953082685886263,0.3338158347638681,2,1.0
l5_imb_uni,10,0.31229489077148526,0.31229489077148526,0.11488554010898268,0.23105854630014452,0.393531235242826,2,1.0
l5_imb_uni,20,0.37399120177232814,0.37399120177232814,0.09580009746254282,0.30625030321823193,0.4417321003264243,2,1.0
l5_imb_uni,50,0.4263161887763097,0.4263161887763097,0.05868150059229326,0.38482210177729675,0.4678102757753227,2,1.0
l5_imb_uni,100,0.4398452745405155,0.4398452745405155,0.039603027871369136,0.4118417049771505,0.4678488441038804,2,1.0
l5_imb_uni,250,0.44283334214568654,0.44283334214568654,0.03204602922677169,0.420173377569334,0.4654933067220391,2,1.0
l5_imb_uni,500,0.43931303843651703,0.43931303843651703,0.028980558160578984,0.4188206892386005,0.45980538763443357,2,1.0
microprice_dev,1,0.025902552218464676,0.025902552218464676,0.11287788763366229,-0.05391416757331107,0.10571927201024042,2,0.5
microprice_dev,2,0.06081113104493679,0.06081113104493679,0.14590189218082064,-0.042357086304069994,0.16397934839394357,2,0.5
microprice_dev,5,0.18878640286501358,0.18878640286501358,0.11240055518446533,0.1093072080849454,0.2682655976450818,2,1.0
microprice_dev,10,0.233889888459835,0.233889888459835,0.12265196084030516,0.14716185522382833,0.32061792169584163,2,1.0
microprice_dev,20,0.2837490491338233,0.2837490491338233,0.10551259493193901,0.2091403777568599,0.35835772051078674,2,1.0
microprice_dev,50,0.3293333359103301,0.3293333359103301,0.10059580309257976,0.25820136138466027,0.40046531043599987,2,1.0
microprice_dev,100,0.3467368829668052,0.3467368829668052,0.09251766956374204,0.28131701143870697,0.41215675449490347,2,1.0
microprice_dev,250,0.34133646846665366,0.34133646846665366,0.06792509713994306,0.29330617166624495,0.3893667652670623,2,1.0
microprice_dev,500,0.3131332254677695,0.3131332254677695,0.02070869873342369,0.29848996416381635,0.32777648677172266,2,1.0
ofi,1,-0.003205636200749429,-0.003205636200749429,0.025581995564523716,-0.021294838740708328,0.01488356633920947,2,0.5
ofi,2,0.03369822914427394,0.03369822914427394,0.03691786246433764,0.007593358248828495,0.05980310003971939,2,1.0
ofi,5,0.09689367136958596,0.09689367136958596,0.08975533166720485,0.033427067700057746,0.16036027503911418,2,1.0
ofi,10,0.14646577549778883,0.14646577549778883,0.06047765390745439,0.10370161630957472,0.1892299346860029,2,1.0
ofi,20,0.17273547828207014,0.17273547828207014,0.04557848133662474,0.1405066250527583,0.204964331511382,2,1.0
ofi,50,0.20686252786918624,0.20686252786918624,0.016701888785443392,0.19505250905037566,0.2186725466879968,2,1.0
ofi,100,0.21817186887374512,0.21817186887374512,0.003948109570152327,0.21538013382382293,0.22096360392366735,2,1.0
ofi,250,0.22013479993408375,0.22013479993408375,0.018659445488132222,0.20694057949624473,0.23332902037192277,2,1.0
ofi,500,0.20973968624107067,0.20973968624107067,0.038530585717499725,0.18249444779713708,0.23698492468500426,2,1.0
rel_spread,1,-0.0313161454719644,-0.0313161454719644,0.025412707895526125,-0.04928564355320384,-0.01334664739072496,2,0.0
rel_spread,2,-0.056279843980411165,-0.056279843980411165,0.007539235291130768,-0.061610888379730666,-0.050948799581091664,2,0.0
rel_spread,5,-0.08725776358733411,-0.08725776358733411,0.0022889339649605684,-0.08887628431564595,-0.08563924285902229,2,0.0
rel_spread,10,-0.11043382328480984,-0.11043382328480984,0.017960535403101153,-0.12313383966208373,-0.09773380690753596,2,0.0
rel_spread,20,-0.12944607333340902,-0.12944607333340902,0.02880440895257995,-0.1498138662318488,-0.10907828043496924,2,0.0
rel_spread,50,-0.15597986926688642,-0.15597986926688642,0.04076347447599879,-0.18480399849358992,-0.12715574004018293,2,0.0
rel_spread,100,-0.1688175333641096,-0.1688175333641096,0.037321479827191,-0.1952078048338333,-0.1424272618943859,2,0.0
rel_spread,250,-0.1654264764466873,-0.1654264764466873,0.0010180675847409016,-0.16614635893956378,-0.16470659395381076,2,0.0
rel_spread,500,-0.13368975139826922,-0.13368975139826922,0.06381564907803502,-0.17881422960716883,-0.08856527318936962,2,0.0
