signal,horizon,eval_type,train_n,test_n,train_spearman,train_ci_low,train_ci_high,test_spearman,test_ci_low,test_ci_high
l1_imb,1,Cross-Session,36462,74335,0.11561264413023452,0.09626140613776568,0.1396660510075145,-0.050428553407266895,-0.06459226877247459,-0.032439419942983425
l1_imb,2,Cross-Session,36461,74334,0.18283901418702386,0.15354225548480996,0.20913768534175453,-0.03978805063233483,-0.061544414169316525,-0.021747948442300945
l1_imb,5,Cross-Session,36458,74331,0.2994158890959546,0.2534483394758408,0.3308424694816199,0.10558990128777074,0.08465834222368039,0.12259257850882489
l1_imb,10,Cross-Session,36453,74326,0.3611752912224513,0.3305930765635027,0.3883655257784762,0.1431024457444377,0.11659672499520714,0.170059850798502
l1_imb,20,Cross-Session,36443,74316,0.40386063419229035,0.36750555786077116,0.4625496423579188,0.20586514321498756,0.15799549086549505,0.23313855247408038
l1_imb,50,Cross-Session,36413,74286,0.44866220418292263,0.3996498813354726,0.5129793885357047,0.25979401616787967,0.22198428169456488,0.30403925669695514
l1_imb,100,Cross-Session,36363,74236,0.46074291396962247,0.4235164300870241,0.5354126758866135,0.28284198943722133,0.24136959208317266,0.3192634699766175
l1_imb,250,Cross-Session,36213,74086,0.4297307388218877,0.375936662629281,0.4884893126577061,0.29036846390204096,0.25718155016802424,0.3218113384539146
l1_imb,500,Cross-Session,35963,73836,0.3576599213770568,0.28437051604006497,0.4332318370874302,0.2930949399030463,0.26614677816214366,0.3166038805094667
l5_imb_1k,1,Cross-Session,36462,74335,0.14383507557751649,0.13091461140244406,0.1650417179480987,-0.002389224685658,-0.02575835040975772,0.011585589156514624
l5_imb_1k,2,Cross-Session,36461,74334,0.2233692631977261,0.20042921739808284,0.24985584565587007,-0.017370258940152334,-0.04106013139419229,0.018140644514323956
l5_imb_1k,5,Cross-Session,36458,74331,0.360325757797667,0.3135688865657002,0.40803066397167537,0.12943126432601892,0.09914760183574027,0.16916424066550453
l5_imb_1k,10,Cross-Session,36453,74326,0.43543903128479017,0.4042689010860262,0.4861806397276953,0.19042405567971027,0.17377316103356838,0.22014508061740967
l5_imb_1k,20,Cross-Session,36443,74316,0.4919545520382234,0.4591231900788493,0.530819869781367,0.2729709800228043,0.2458853416769594,0.30747850171534546
l5_imb_1k,50,Cross-Session,36413,74286,0.5322148123384467,0.46885778428341507,0.5918418405880432,0.3567966477201935,0.3147535135313556,0.3881082026079689
l5_imb_1k,100,Cross-Session,36363,74236,0.5453575159496931,0.4770169044239689,0.6018416660204436,0.3911933632564439,0.34560961775522314,0.4211411055937774
l5_imb_1k,250,Cross-Session,36213,74086,0.5356040312389747,0.4757033331667334,0.6230240580631109,0.4082124937701366,0.3868690691007497,0.4455799468194819
l5_imb_1k,500,Cross-Session,35963,73836,0.49776202395905234,0.4112699059935959,0.5328936442148512,0.4106541629416979,0.3847993793132989,0.4383573293405538
l5_imb_uni,1,Cross-Session,36462,74335,0.14555848604573854,0.13102710311504598,0.16932534060144488,0.08422884159128927,0.06646571480193578,0.10649170298900472
l5_imb_uni,2,Cross-Session,36461,74334,0.2188536522132957,0.1977693278482151,0.2518324374412921,0.0603989560380653,0.0247686587909195,0.07363231659960418
l5_imb_uni,5,Cross-Session,36458,74331,0.3338158347638681,0.2839715486448685,0.3727175798441703,0.15953082685886263,0.14112637729634875,0.19188689604713904
l5_imb_uni,10,Cross-Session,36453,74326,0.393531235242826,0.3417964643472107,0.45754515287694114,0.23105854630014452,0.2233347328411248,0.2577584105527988
l5_imb_uni,20,Cross-Session,36443,74316,0.4417321003264243,0.37888519229874185,0.4798456247345961,0.30625030321823193,0.27367625263314177,0.32248876998648046
l5_imb_uni,50,Cross-Session,36413,74286,0.4678102757753227,0.4148303740185843,0.5147779676965802,0.38482210177729675,0.36222517586288194,0.42082417150388696
l5_imb_uni,100,Cross-Session,36363,74236,0.4678488441038804,0.38533045791937864,0.5501332836795808,0.4118417049771505,0.36510073726956194,0.4459200193911168
l5_imb_uni,250,Cross-Session,36213,74086,0.4654933067220391,0.38963731044345323,0.5102919205875998,0.420173377569334,0.37627534063426304,0.44899876863901345
l5_imb_uni,500,Cross-Session,35963,73836,0.45980538763443357,0.40359963424699813,0.5138945730935123,0.4188206892386005,0.37807832680180664,0.4683598448392006
microprice_dev,1,Cross-Session,36462,74335,0.10571927201024042,0.0950782370891316,0.1258653065817481,-0.05391416757331107,-0.06356482174733911,-0.03194373585163443
microprice_dev,2,Cross-Session,36461,74334,0.16397934839394357,0.13917815119987748,0.19642717190384457,-0.042357086304069994,-0.07160567317897004,-0.022437399772870126
microprice_dev,5,Cross-Session,36458,74331,0.2682655976450818,0.22940321205088585,0.310418731118457,0.1093072080849454,0.08808036844703475,0.14484278674748216
microprice_dev,10,Cross-Session,36453,74326,0.32061792169584163,0.2719600372979342,0.3613488064047047,0.14716185522382833,0.11593952882884344,0.18232675281433433
microprice_dev,20,Cross-Session,36443,74316,0.35835772051078674,0.3089926046494398,0.3989090850220381,0.2091403777568599,0.1766640886430327,0.24175086797801906
microprice_dev,50,Cross-Session,36413,74286,0.40046531043599987,0.35022006290516083,0.4486474984069256,0.25820136138466027,0.22808681453933735,0.28962682394512346
microprice_dev,100,Cross-Session,36363,74236,0.41215675449490347,0.3966759997872098,0.48408138801079476,0.28131701143870697,0.25624758961559074,0.33243718734124483
microprice_dev,250,Cross-Session,36213,74086,0.3893667652670623,0.2991387936235883,0.45620819146575475,0.29330617166624495,0.26037569362670465,0.32688126784571875
microprice_dev,500,Cross-Session,35963,73836,0.32777648677172266,0.260172375066564,0.44096345190198655,0.29848996416381635,0.2670958234797717,0.32477990958317743
ofi,1,Cross-Session,36462,74335,-0.021294838740708328,-0.03581089255114005,-0.01110285774472788,0.01488356633920947,0.007598363346805845,0.025511645444613977
ofi,2,Cross-Session,36461,74334,0.05980310003971939,0.04906626854762084,0.07420179409007915,0.007593358248828495,-0.005469941373383995,0.01864726427571028
ofi,5,Cross-Session,36458,74331,0.16036027503911418,0.13941800491367834,0.17377997300038983,0.033427067700057746,0.022667792941804467,0.05182349751543666
ofi,10,Cross-Session,36453,74326,0.1892299346860029,0.17250887789503186,0.19891720279367975,0.10370161630957472,0.09128555271627166,0.1198183209307725
ofi,20,Cross-Session,36443,74316,0.204964331511382,0.18366379252567344,0.21336916523446894,0.1405066250527583,0.12817893219593865,0.15550939244359585
ofi,50,Cross-Session,36413,74286,0.2186725466879968,0.20252814328503668,0.23971324393725227,0.19505250905037566,0.18533446314159555,0.20662453120195276
ofi,100,Cross-Session,36363,74236,0.21538013382382293,0.19973736347569848,0.23593028376744288,0.22096360392366735,0.20209163780774592,0.24111098579374007
ofi,250,Cross-Session,36213,74086,0.20694057949624473,0.18752654887428663,0.22788486404109393,0.23332902037192277,0.22113672930310452,0.24239507414612213
ofi,500,Cross-Session,35963,73836,0.18249444779713708,0.14883109516382872,0.2076872830415599,0.23698492468500426,0.22580838332777167,0.24840757636941385
rel_spread,1,Cross-Session,36462,74335,-0.04928564355320384,-0.07848268475081563,-0.02529609406019986,-0.01334664739072496,-0.030345026418964395,0.001054401233917012
rel_spread,2,Cross-Session,36461,74334,-0.061610888379730666,-0.0993008093919346,-0.01822387357935187,-0.050948799581091664,-0.07259330244041934,-0.038549716896053396
rel_spread,5,Cross-Session,36458,74331,-0.08887628431564595,-0.1411271810939276,-0.022411065947200097,-0.08563924285902229,-0.11533367430165203,-0.058267285711226705
rel_spread,10,Cross-Session,36453,74326,-0.12313383966208373,-0.19394327878092682,-0.018985161544449174,-0.09773380690753596,-0.1335009210339281,-0.072962864047997
rel_spread,20,Cross-Session,36443,74316,-0.1498138662318488,-0.2042980474533536,-0.06486052084640903,-0.10907828043496924,-0.15143821744914002,-0.06765401030493563
rel_spread,50,Cross-Session,36413,74286,-0.18480399849358992,-0.24004983407124644,-0.11250385930661866,-0.12715574004018293,-0.15325910227326872,-0.08844099436261667
rel_spread,100,Cross-Session,36363,74236,-0.1952078048338333,-0.25737716577551856,-0.1108964628158529,-0.1424272618943859,-0.1984335725779157,-0.0797882179544995
rel_spread,250,Cross-Session,36213,74086,-0.16470659395381076,-0.237317714196369,-0.08047860150524926,-0.16614635893956378,-0.23614583377344767,-0.11394353796646843
rel_spread,500,Cross-Session,35963,73836,-0.08856527318936962,-0.21726953554300577,0.01298848998483782,-0.17881422960716883,-0.24803263165510445,-0.12615492544939466
