signal,horizon,train_spearman,test_spearman,train_beta,test_beta
l1_imb,1,0.08617270387249025,-0.02268369399550815,-6.591318985950299e-07,7.098088148046824e-08
l1_imb,5,0.26032735368242443,0.03343024373175476,-2.444525272952932e-06,3.658475962042159e-07
l1_imb,10,0.319709232344596,0.08180297899088056,-3.6611941835802976e-06,7.375099673201993e-07
l1_imb,25,0.3475326275801105,0.16959640623424435,-6.222695657251038e-06,1.8515484005436296e-06
l1_imb,50,0.35398614430339453,0.21930738003075503,-1.974663508224128e-05,3.7060005444403085e-06
l1_imb,100,0.34010775221093187,0.33244544888051847,-4.121171872851213e-05,7.482222996609574e-06
l1_imb,250,0.28600517283337973,0.3711938951291067,-0.00010190237106634502,1.3905432004773398e-05
l1_imb,500,0.1987331061359593,0.3839225602216843,-0.00019082261969892634,2.164339629354297e-05
l5_imb_1k,1,0.12615941252976726,0.02339491801526418,-1.2664631985762666e-07,-4.388252256315966e-08
l5_imb_1k,5,0.3541363702204762,0.09807367538202286,3.5423097168218683e-07,-2.0546607803843127e-07
l5_imb_1k,10,0.44583081983438205,0.13099252751195636,3.0304541124593392e-06,-1.4347123420193033e-07
l5_imb_1k,25,0.5257756825004523,0.1861348175818796,1.1344301360173654e-05,-5.810672891560812e-07
l5_imb_1k,50,0.5572888583514028,0.21412349625910668,6.899964747403125e-06,-8.519272772415194e-07
l5_imb_1k,100,0.5631530775381968,0.2655767929329105,-1.8197784258234201e-06,4.387119291099075e-06
l5_imb_1k,250,0.5378340802420795,0.32279721861497573,-4.188791234025964e-05,2.715287804185176e-05
l5_imb_1k,500,0.47317428832312053,0.3774911752163439,-9.090600187089886e-05,6.340794094933997e-05
l5_imb_uni,1,0.1350503063701578,0.03527483603939155,9.489144723173064e-07,-3.7839684139237047e-07
l5_imb_uni,5,0.3292220477628049,0.09831959787657121,4.41541945680976e-06,-1.8856967627870165e-06
l5_imb_uni,10,0.40607777093696606,0.1086545748236108,1.0660114926975903e-05,-2.8181982362009466e-06
l5_imb_uni,25,0.4875051448125647,0.11717249659318014,2.5683536300626488e-05,-6.586891346530986e-06
l5_imb_uni,50,0.5128928038864085,0.11921024117849909,3.708430068021644e-05,-1.4188229404413875e-05
l5_imb_uni,100,0.5118582719554088,0.11856754576944305,2.6497742536016842e-05,-1.900068956628289e-05
l5_imb_uni,250,0.4944491521687258,0.1605961757775531,-6.673276965162187e-06,5.311851763692851e-06
l5_imb_uni,500,0.45706786942220773,0.2428642122247974,-5.3378879949678874e-05,4.97484354630337e-05
microprice_dev,1,0.049419269803264436,0.04798277573949498,-0.0019871740476157035,-9.895137615885212e-05
microprice_dev,5,0.1712979860974806,0.13391205703736261,-0.006336463222095989,-0.0004851628842481023
microprice_dev,10,0.19551418240663151,0.18427848401464603,-0.0064519397594799705,-0.0009664233420028163
microprice_dev,25,0.1915383910867327,0.26253095111945657,-0.001523329409178166,-0.002424156687223854
microprice_dev,50,0.18541947727821192,0.3200348999294091,-0.03900336504357144,-0.0048780317291041075
microprice_dev,100,0.17210919573661715,0.4641296368166997,-0.0858065930805433,-0.009751385532482889
microprice_dev,250,0.13713770754287852,0.5496392350162869,-0.2294019588781117,-0.02827784339720325
microprice_dev,500,0.08810010436680787,0.5547452745919426,-0.4103645457141825,-0.06109818270513016
ofi,1,-0.04315779932737186,0.04654606082440639,-2.1006178426920365e-06,1.2929179852827145e-07
ofi,5,0.13719743971374543,0.14906217677314731,-2.9061265988656683e-05,8.036985784983361e-07
ofi,10,0.175177840903552,0.13243002561063832,-2.9829086881586122e-05,1.6852114497816665e-06
ofi,25,0.20831094257415378,0.0764346637130818,-5.9960300805350885e-05,4.160825758735076e-06
ofi,50,0.218835065499882,0.09288655899529645,-8.483819920392498e-05,8.49737528259209e-06
ofi,100,0.2137619529976568,0.10337524236743241,-0.00018158425283301688,1.6937193985932258e-05
ofi,250,0.20037127495141016,0.12412784238631826,-0.000544350474835419,3.994413730741983e-05
ofi,500,0.17198611627378116,0.12166578685820091,-0.0010278832564822064,7.205823781064201e-05
rel_spread,1,0.022586006793528235,-0.0883037191570322,0.0007342990737527692,0.00011974167157753613
rel_spread,5,0.07946088470515714,-0.16556450581978313,0.0033687950441347782,0.0005987187461098741
rel_spread,10,0.07492145803314043,-0.1975063542058745,0.006544581183697321,0.0011975727839819317
rel_spread,25,0.08175852973854841,-0.23545329588908595,0.016073510148526645,0.0029949937756799353
rel_spread,50,0.09624872988261499,-0.27240727347492477,0.03189554627836257,0.005993183066880563
rel_spread,100,0.12379081622276926,-0.3785002037892516,0.06364522011482227,0.011991996005269064
rel_spread,250,0.18065378571337823,-0.4497505568610495,0.14417023591275324,0.030018374926242156
rel_spread,500,0.2392091634782202,-0.3967995035489192,0.278090027449572,0.06019096687115505
