session,latency,ic,gross_bps
Session_1,0,0.15372686260163276,0.003678828177520599
Session_1,1,0.1680168691167245,0.0034493859719929147
Session_1,2,0.17739194365373656,0.003073949642508495
Session_1,5,0.1850581639116025,0.0011872983678830927
Session_1,10,,0.0
Session_2,0,-0.010345699884533276,0.0003536065528222831
Session_2,1,0.018901746367392783,0.00040102951152553017
Session_2,2,0.045860845739436024,0.00043534000938246344
Session_2,5,0.028864274666049176,0.0002790514024129803
Session_2,10,,0.0
