session,signal,horizon,ic,dir_acc,n
Session_1,l1_imb,1,0.11561264413023452,0.07635346388020404,36462
Session_1,l1_imb,2,0.18283901418702386,0.1414387976193741,36461
Session_1,l1_imb,5,0.2994158890959546,0.25599319765209283,36458
Session_1,l1_imb,10,0.3611752912224513,0.3365703782953392,36453
Session_1,l1_imb,20,0.40386063419229035,0.413495047059792,36443
Session_1,l1_imb,50,0.44866220418292263,0.5091862796254085,36413
Session_1,l1_imb,100,0.46074291396962247,0.555647223826417,36363
Session_1,l5_imb_1k,1,0.14383507557751649,0.016812023476496078,36462
Session_1,l5_imb_1k,2,0.2233692631977261,0.030772606346507227,36461
Session_1,l5_imb_1k,5,0.360325757797667,0.051072466948269245,36458
Session_1,l5_imb_1k,10,0.43543903128479017,0.06619482621457767,36453
Session_1,l5_imb_1k,20,0.4919545520382234,0.07801223828993223,36443
Session_1,l5_imb_1k,50,0.5322148123384467,0.0822233817592618,36413
Session_1,l5_imb_1k,100,0.5453575159496931,0.08800154002695047,36363
Session_1,ofi,1,-0.021294838740708328,0.786462618616642,36462
Session_1,ofi,2,0.05980310003971939,0.7368146786977867,36461
Session_1,ofi,5,0.16036027503911418,0.6405178561632564,36458
Session_1,ofi,10,0.1892299346860029,0.5467862727347543,36453
Session_1,ofi,20,0.204964331511382,0.43956315341766594,36443
Session_1,ofi,50,0.2186725466879968,0.2833054129019856,36413
Session_1,ofi,100,0.21538013382382293,0.1884332975827077,36363
Session_1,microprice_dev,1,0.10571927201024042,0.07635346388020404,36462
Session_1,microprice_dev,2,0.16397934839394357,0.1414387976193741,36461
Session_1,microprice_dev,5,0.2682655976450818,0.25599319765209283,36458
Session_1,microprice_dev,10,0.32061792169584163,0.3365703782953392,36453
Session_1,microprice_dev,20,0.35835772051078674,0.413495047059792,36443
Session_1,microprice_dev,50,0.40046531043599987,0.5091862796254085,36413
Session_1,microprice_dev,100,0.41215675449490347,0.555647223826417,36363
Session_2,l1_imb,1,-0.050428553407266895,0.16507701621039886,74335
Session_2,l1_imb,2,-0.03978805063233483,0.2958269432561143,74334
Session_2,l1_imb,5,0.10558990128777074,0.5022668873013951,74331
Session_2,l1_imb,10,0.1431024457444377,0.5698275166159891,74326
Session_2,l1_imb,20,0.20586514321498756,0.6052801550137251,74316
Session_2,l1_imb,50,0.25979401616787967,0.6332956411706109,74286
Session_2,l1_imb,100,0.28284198943722133,0.6534565439948273,74236
Session_2,l5_imb_1k,1,-0.002389224685658,0.20266361740768143,74335
Session_2,l5_imb_1k,2,-0.017370258940152334,0.34831974601124654,74334
Session_2,l5_imb_1k,5,0.12943126432601892,0.5356042566358585,74331
Session_2,l5_imb_1k,10,0.19042405567971027,0.5963189193552727,74326
Session_2,l5_imb_1k,20,0.2729709800228043,0.6266079982776253,74316
Session_2,l5_imb_1k,50,0.3567966477201935,0.6564628597582317,74286
Session_2,l5_imb_1k,100,0.3911933632564439,0.6755213104154318,74236
Session_2,ofi,1,0.01488356633920947,0.43236698728728057,74335
Session_2,ofi,2,0.007593358248828495,0.3108537143164635,74334
Session_2,ofi,5,0.033427067700057746,0.2773136376478185,74331
Session_2,ofi,10,0.10370161630957472,0.2694481069881334,74326
Session_2,ofi,20,0.1405066250527583,0.2596210775606868,74316
Session_2,ofi,50,0.19505250905037566,0.264450905958054,74286
Session_2,ofi,100,0.22096360392366735,0.2700711245217954,74236
Session_2,microprice_dev,1,-0.05391416757331107,0.16453891168359455,74335
Session_2,microprice_dev,2,-0.042357086304069994,0.2956655097263702,74334
Session_2,microprice_dev,5,0.1093072080849454,0.5024821406949994,74331
Session_2,microprice_dev,10,0.14716185522382833,0.57015041842693,74326
Session_2,microprice_dev,20,0.2091403777568599,0.6056434684321007,74316
Session_2,microprice_dev,50,0.25820136138466027,0.6336994857712086,74286
Session_2,microprice_dev,100,0.28131701143870697,0.6538741311493076,74236
