session_id,signal,horizon,n_obs,spearman_ic,pearson_ic,ci_low,ci_high,dir_acc
Session_1,l1_imb,1,36462,0.11561264413023452,-0.006422739943209279,0.10496195932331671,0.13251395281469225,0.07635346388020404
Session_1,l1_imb,2,36461,0.18283901418702386,-0.009362696108623987,0.16095656763094693,0.19706315344250694,0.1414387976193741
Session_1,l1_imb,5,36458,0.2994158890959546,-0.009202002356424752,0.27648613720858023,0.32918784268860085,0.25599319765209283
Session_1,l1_imb,10,36453,0.3611752912224513,-0.007163721467941258,0.33236994191752817,0.41007136924786713,0.3365703782953392
Session_1,l1_imb,20,36443,0.40386063419229035,-0.00816040461614682,0.35375883919671774,0.4417476421786052,0.413495047059792
Session_1,l1_imb,50,36413,0.44866220418292263,-0.019568121719960408,0.3768048261717015,0.4999102196546358,0.5091862796254085
Session_1,l1_imb,100,36363,0.46074291396962247,-0.030576991151434113,0.4038673046576548,0.512117840359417,0.555647223826417
Session_1,l1_imb,250,36213,0.4297307388218877,-0.051611244566378583,0.3530507520798438,0.4820959894070497,0.5695468478170823
Session_1,l1_imb,500,35963,0.3576599213770568,-0.06743913096393866,0.2526832359383706,0.4159894235184542,0.549870700442121
Session_1,l5_imb_1k,1,36462,0.14383507557751649,0.0006534338282200105,0.13365525619575716,0.16250716394024844,0.016812023476496078
Session_1,l5_imb_1k,2,36461,0.2233692631977261,0.001020501485971656,0.19853211677986493,0.24226273611593177,0.030772606346507227
Session_1,l5_imb_1k,5,36458,0.360325757797667,0.004833765313616086,0.3238118811117854,0.4069094562597673,0.051072466948269245
Session_1,l5_imb_1k,10,36453,0.43543903128479017,0.012609947719223935,0.40481043593957006,0.4674095843632114,0.06619482621457767
Session_1,l5_imb_1k,20,36443,0.4919545520382234,0.021969548002710896,0.4639680528334265,0.5367450602410478,0.07801223828993223
Session_1,l5_imb_1k,50,36413,0.5322148123384467,0.019691579040414006,0.44939208476593456,0.5832060038349627,0.0822233817592618
Session_1,l5_imb_1k,100,36363,0.5453575159496931,0.016539617264654846,0.46873671423862673,0.5940932728440478,0.08800154002695047
Session_1,l5_imb_1k,250,36213,0.5356040312389747,0.007441230705292732,0.5174467224239603,0.6072592154752291,0.11214204843564465
Session_1,l5_imb_1k,500,35963,0.49776202395905234,0.007020594648437987,0.468534826039015,0.5404669865789966,0.14425937769374078
Session_1,l5_imb_uni,1,36462,0.14555848604573854,0.00534910949194714,0.13072675295887815,0.16104523675480087,0.0168668751028468
Session_1,l5_imb_uni,2,36461,0.2188536522132957,0.008087427502914578,0.18941427138492825,0.24503425738924514,0.03090973917336332
Session_1,l5_imb_uni,5,36458,0.3338158347638681,0.011803603892444907,0.3127986488387902,0.37544879849721136,0.05131932634812661
Session_1,l5_imb_uni,10,36453,0.393531235242826,0.02030433626124031,0.3446536691007725,0.43685933617814443,0.06649658464323924
Session_1,l5_imb_uni,20,36443,0.4417321003264243,0.029837597019062526,0.3934156714033693,0.49207889726896237,0.07834151963340011
Session_1,l5_imb_uni,50,36413,0.4678102757753227,0.034385168830087895,0.38744803156907787,0.5129042653351138,0.08252547167220498
Session_1,l5_imb_uni,100,36363,0.4678488441038804,0.025335088906077885,0.4040506493913116,0.5421572423339655,0.08830404532079311
Session_1,l5_imb_uni,250,36213,0.4654933067220391,0.019415865165637314,0.35828133314042193,0.5119659433152283,0.11192113329467318
Session_1,l5_imb_uni,500,35963,0.45980538763443357,0.019458249467088354,0.38961449595552133,0.509924658541847,0.14395350777187665
Session_1,microprice_dev,1,36462,0.10571927201024042,-0.026892029852064816,0.08751941553493957,0.12412612107751121,0.07635346388020404
Session_1,microprice_dev,2,36461,0.16397934839394357,-0.04112711957630431,0.12604114779105022,0.21146489394663318,0.1414387976193741
Session_1,microprice_dev,5,36458,0.2682655976450818,-0.039016536602820936,0.23512587109394054,0.2948781648616816,0.25599319765209283
Session_1,microprice_dev,10,36453,0.32061792169584163,-0.026261403340420486,0.2697925909662016,0.37908111974989905,0.3365703782953392
Session_1,microprice_dev,20,36443,0.35835772051078674,-0.0271619299527954,0.294168423472861,0.3928241932055608,0.413495047059792
Session_1,microprice_dev,50,36413,0.40046531043599987,-0.07447480238259115,0.35101073266357574,0.46097673695044744,0.5091862796254085
Session_1,microprice_dev,100,36363,0.41215675449490347,-0.11775122690306855,0.3364628019088397,0.490390411136592,0.555647223826417
Session_1,microprice_dev,250,36213,0.3893667652670623,-0.20410998845030934,0.2794825333543959,0.46392365888673565,0.5695468478170823
Session_1,microprice_dev,500,35963,0.32777648677172266,-0.25847155331568367,0.2264773359941469,0.44035155280303356,0.549870700442121
Session_1,ofi,1,36462,-0.021294838740708328,-0.005230839592254853,-0.03905676924168191,-0.01385793045247963,0.786462618616642
Session_1,ofi,2,36461,0.05980310003971939,-0.0104207304898911,0.04249175033138821,0.07097640228846443,0.7368146786977867
Session_1,ofi,5,36458,0.16036027503911418,-0.034118148797794366,0.14549576728209845,0.1763923323475304,0.6405178561632564
Session_1,ofi,10,36453,0.1892299346860029,-0.025075329446903584,0.1788686310184801,0.20183682786452128,0.5467862727347543
Session_1,ofi,20,36443,0.204964331511382,-0.035169254508314984,0.184998152062278,0.21909839651052282,0.43956315341766594
Session_1,ofi,50,36413,0.2186725466879968,-0.03228530673681555,0.20011144937970513,0.23468493149874728,0.2833054129019856
Session_1,ofi,100,36363,0.21538013382382293,-0.04905108144985012,0.19807879037435253,0.24198681264735847,0.1884332975827077
Session_1,ofi,250,36213,0.20694057949624473,-0.09398780046037841,0.19636735112613102,0.22816128967177926,0.13047800513627703
Session_1,ofi,500,35963,0.18249444779713708,-0.12634396150192848,0.1453978396251033,0.21117630884195823,0.12245919417178767
Session_1,rel_spread,1,36462,-0.04928564355320384,0.0280784365977599,-0.07106868982674655,-0.007363710244769011,0.10095441829850255
Session_1,rel_spread,2,36461,-0.061610888379730666,0.03886759530841905,-0.10037484633584554,-0.006785674001297282,0.18655549765502866
Session_1,rel_spread,5,36458,-0.08887628431564595,0.060394264384724755,-0.12798014664455312,-0.02306921016914432,0.33759394371605683
Session_1,rel_spread,10,36453,-0.12313383966208373,0.0843102970256947,-0.21413520842179062,-0.02405749327268778,0.4494828957836118
Session_1,rel_spread,20,36443,-0.1498138662318488,0.11847314182291153,-0.23183704320182238,-0.08066548567477741,0.5650467853908844
Session_1,rel_spread,50,36413,-0.18480399849358992,0.18702233975774854,-0.2548565975102977,-0.07981310018407367,0.7321560980968336
Session_1,rel_spread,100,36363,-0.1952078048338333,0.26469204703404603,-0.2827390625432201,-0.11776743135106728,0.8283419959849297
Session_1,rel_spread,250,36213,-0.16470659395381076,0.3824104028400089,-0.1942076809480654,-0.012354369086727176,0.8643857178361362
Session_1,rel_spread,500,35963,-0.08856527318936962,0.525242359952367,-0.18761757506691243,-0.007249821923834802,0.8367210744376165
Session_2,l1_imb,1,74335,-0.050428553407266895,-0.00605121208864182,-0.07421463261105928,-0.029989295383174696,0.16507701621039886
Session_2,l1_imb,2,74334,-0.03978805063233483,-0.008584180841285378,-0.0651353538125964,-0.017065628452033493,0.2958269432561143
Session_2,l1_imb,5,74331,0.10558990128777074,-0.011236984548413955,0.07717924884804898,0.12856060167055958,0.5022668873013951
Session_2,l1_imb,10,74326,0.1431024457444377,-0.017618766450770783,0.11722503489433243,0.19080315007348062,0.5698275166159891
Session_2,l1_imb,20,74316,0.20586514321498756,-0.019410716513258614,0.1644860334307297,0.2433691877208106,0.6052801550137251
Session_2,l1_imb,50,74286,0.25979401616787967,-0.018924704357520906,0.23925374116729006,0.30022115635998853,0.6332956411706109
Session_2,l1_imb,100,74236,0.28284198943722133,-0.018005977538585297,0.26190147949658626,0.3160380301930716,0.6534565439948273
Session_2,l1_imb,250,74086,0.29036846390204096,-0.016043578708741124,0.26318773294090575,0.33121352711070984,0.6683853899522177
Session_2,l1_imb,500,73836,0.2930949399030463,-0.012863222721464115,0.26879661434270885,0.3335230722563844,0.6706213771060188
Session_2,l5_imb_1k,1,74335,-0.002389224685658,-0.017644349730609323,-0.016302107400488913,0.020404858733037667,0.20266361740768143
Session_2,l5_imb_1k,2,74334,-0.017370258940152334,-0.024956366960145693,-0.0546820549280429,0.0022869763989646153,0.34831974601124654
Session_2,l5_imb_1k,5,74331,0.12943126432601892,-0.03943982530818921,0.09293721301601295,0.15551690195656023,0.5356042566358585
Session_2,l5_imb_1k,10,74326,0.19042405567971027,-0.05583608982179487,0.16606442064312202,0.22753540044016665,0.5963189193552727
Session_2,l5_imb_1k,20,74316,0.2729709800228043,-0.061021525995667174,0.2585148233039126,0.3077174603845563,0.6266079982776253
Session_2,l5_imb_1k,50,74286,0.3567966477201935,-0.06061817213302255,0.32436386470751716,0.3894174802796517,0.6564628597582317
Session_2,l5_imb_1k,100,74236,0.3911933632564439,-0.060016293398821294,0.352080360326845,0.41837634101376653,0.6755213104154318
Session_2,l5_imb_1k,250,74086,0.4082124937701366,-0.058337148637675945,0.37562680423492883,0.44335752694917147,0.6889560780714304
Session_2,l5_imb_1k,500,73836,0.4106541629416979,-0.05470223804136982,0.3873549001511504,0.4481643172465009,0.6877539411669105
Session_2,l5_imb_uni,1,74335,0.08422884159128927,-0.02005806887417044,0.06381072016566988,0.09755414054892653,0.20099549337458802
Session_2,l5_imb_uni,2,74334,0.0603989560380653,-0.0283611173059695,0.037612671844656526,0.07104561540259785,0.34783544542201417
Session_2,l5_imb_uni,5,74331,0.15953082685886263,-0.0448068561629415,0.12812194628444082,0.1756132160084296,0.5310166686846672
Session_2,l5_imb_uni,10,74326,0.23105854630014452,-0.0633715434543683,0.1965216149367816,0.25969591016671006,0.5881656486290128
Session_2,l5_imb_uni,20,74316,0.30625030321823193,-0.06932593827081335,0.27541887861181563,0.3346278005940261,0.6166774315086926
Session_2,l5_imb_uni,50,74286,0.38482210177729675,-0.06911248880420873,0.3467417975249189,0.41383333842543363,0.6457205933823331
Session_2,l5_imb_uni,100,74236,0.4118417049771505,-0.06882599460468712,0.3704998848120279,0.431218522864384,0.6647448677191659
Session_2,l5_imb_uni,250,74086,0.420173377569334,-0.06784169533461973,0.3834686195455987,0.4691206273250904,0.6780093404961801
Session_2,l5_imb_uni,500,73836,0.4188206892386005,-0.06577737635129699,0.3897345583335018,0.4418009197710553,0.6762554851292053
Session_2,microprice_dev,1,74335,-0.05391416757331107,-0.20327041723084566,-0.07274292037043292,-0.03389135195722035,0.16453891168359455
Session_2,microprice_dev,2,74334,-0.042357086304069994,-0.2874977704825966,-0.07257043266502398,-0.024252626459972244,0.2956655097263702
Session_2,microprice_dev,5,74331,0.1093072080849454,-0.3557341526654991,0.08244461841560567,0.12884385958904876,0.5024821406949994
Session_2,microprice_dev,10,74326,0.14716185522382833,-0.5753793310871378,0.11128482178292576,0.1741345351415433,0.57015041842693
Session_2,microprice_dev,20,74316,0.2091403777568599,-0.6407765432002751,0.16650005418043404,0.24625755919265677,0.6056434684321007
Session_2,microprice_dev,50,74286,0.25820136138466027,-0.6403932919104511,0.2248425878052402,0.2795190967145562,0.6336994857712086
Session_2,microprice_dev,100,74236,0.28131701143870697,-0.6397095120810133,0.23375360029810277,0.31246052036766975,0.6538741311493076
Session_2,microprice_dev,250,74086,0.29330617166624495,-0.6381685255104371,0.2580210792188913,0.3294092783728886,0.6688038225845638
Session_2,microprice_dev,500,73836,0.29848996416381635,-0.635720157700091,0.2896154587815388,0.33775806253313695,0.6710276829730755
Session_2,ofi,1,74335,0.01488356633920947,-0.0006397398796776437,0.008554696350615103,0.01982348835409881,0.43236698728728057
Session_2,ofi,2,74334,0.007593358248828495,-0.0009268141175583234,-0.00905989936749478,0.01824993808124966,0.3108537143164635
Session_2,ofi,5,74331,0.033427067700057746,-0.001855375870102712,0.018800061919399404,0.043509966227081115,0.2773136376478185
Session_2,ofi,10,74326,0.10370161630957472,-0.0023477173063417805,0.09365214765540561,0.1090412878376364,0.2694481069881334
Session_2,ofi,20,74316,0.1405066250527583,-0.0025308063265218283,0.1260109775489707,0.16005746717624195,0.2596210775606868
Session_2,ofi,50,74286,0.19505250905037566,-0.002416732942865289,0.18242327693323662,0.20941515698316057,0.264450905958054
Session_2,ofi,100,74236,0.22096360392366735,-0.002271000263909345,0.20621617978189666,0.23011128111660892,0.2700711245217954
Session_2,ofi,250,74086,0.23332902037192277,-0.0016127589160981096,0.2185102580088796,0.245476789163057,0.2714682936047296
Session_2,ofi,500,73836,0.23698492468500426,-0.0006234133933574709,0.22428960636502798,0.249557086509462,0.27275312855517636
Session_2,rel_spread,1,74335,-0.01334664739072496,-0.2826803926089521,-0.02852244406343295,0.0025284024621785453,0.12989843277056567
Session_2,rel_spread,2,74334,-0.050948799581091664,-0.3997930431819821,-0.07185118287165088,-0.030214779312471303,0.2262221863481045
Session_2,rel_spread,5,74331,-0.08563924285902229,-0.6321602576404255,-0.10363815013554807,-0.0495241036747255,0.3174045822066163
Session_2,rel_spread,10,74326,-0.09773380690753596,-0.8940489005977699,-0.12357461699440839,-0.069785240128712,0.3233592551731561
Session_2,rel_spread,20,74316,-0.10907828043496924,-0.9793674949159634,-0.15135050605886452,-0.0689805331908955,0.32862371494698317
Session_2,rel_spread,50,74286,-0.12715574004018293,-0.9792571209544986,-0.17132546700020654,-0.05033262613291307,0.3171122418759928
Session_2,rel_spread,100,74236,-0.1424272618943859,-0.9790721074844633,-0.19882475753952306,-0.08337098905766768,0.30762702731828223
Session_2,rel_spread,250,74086,-0.16614635893956378,-0.9785109073673056,-0.2083605321539875,-0.11324177496024865,0.3005021191588154
Session_2,rel_spread,500,73836,-0.17881422960716883,-0.9775232519604715,-0.24425903531702056,-0.09849899380914771,0.3047835744081478
