signal,target,N,pearson_ic,spearman_ic,beta,t_stat_hac,p_value_hac,r_squared,dir_accuracy,p_value_fdr
l1_imb,ret_1,36462,-0.006422739943209279,0.11561264413023452,-1.840218484231731e-07,-1.138505255543467,0.25490956559567923,4.1251588379309645e-05,0.6480446927374302,0.34008808446026323
l1_imb,ret_5,36458,-0.009202002356424752,0.2994158890959546,-5.625506014235635e-07,-1.0344903530562441,0.3009069843703517,8.467684736856995e-05,0.6580413170697313,0.3903658175615373
l1_imb,ret_10,36453,-0.007163721467941258,0.3611752912224513,-6.095464824707372e-07,-0.9009067905703803,0.3676378804293241,5.131890527043659e-05,0.6521554244405464,0.42015757763351325
l1_imb,ret_25,36438,-0.0022086183222653375,0.414370183578874,-2.941911439830916e-07,-0.25923361396685385,0.7954549971350909,4.8779948935706585e-06,0.6382944553739912,0.8300399970105297
l1_imb,ret_50,36413,-0.019568121719960408,0.44866220418292263,-3.6596178684086897e-06,-0.9927006905158628,0.3208558383375869,0.0003829113876462342,0.6249283764198321,0.3948994933385685
l1_imb,ret_100,36363,-0.030576991151434113,0.46074291396962247,-8.068113133219867e-06,-1.008655618563047,0.3131398234292261,0.0009349523878747767,0.6061015118790497,0.3948994933385685
l1_imb,ret_250,36213,-0.051611244566378583,0.4297307388218877,-2.1389852908011248e-05,-0.9638825124932279,0.3351048322446788,0.0026637205656905305,0.5833026952119686,0.40212579869361453
l1_imb,ret_500,35963,-0.06743913096393866,0.3576599213770568,-3.9474617564657184e-05,-0.9415620482338838,0.3464169078912043,0.004548036385171095,0.5607383882493053,0.40556125801897086
l5_imb_1k,ret_1,36462,0.0006534338282200105,0.14383507557751649,6.864948930166403e-08,0.17564723932456697,0.8605710876375096,4.2697576851935537e-07,0.14269087523277468,0.8788811107787332
l5_imb_1k,ret_5,36458,0.004833765313616086,0.360325757797667,1.0835357704276771e-06,1.327566282616237,0.1843214294742258,2.336528710777941e-05,0.13128393146724954,0.31215531650166883
l5_imb_1k,ret_10,36453,0.012609947719223935,0.43543903128479017,3.934139350736082e-06,1.54708264400948,0.12184331850909304,0.00015901078148139458,0.1282623717642056,0.31215531650166883
l5_imb_1k,ret_25,36438,0.025868168079811737,0.5033392240746691,1.2633150753145699e-05,1.5518814983969185,0.12069058064158557,0.0006691621198052777,0.11587104026980367,0.31215531650166883
l5_imb_1k,ret_50,36413,0.019691579040414006,0.5322148123384467,1.350072009135348e-05,1.6979909133095297,0.08950947685494967,0.00038775828510440036,0.10091341130472885,0.31215531650166883
l5_imb_1k,ret_100,36363,0.016539617264654846,0.5453575159496931,1.5993281036394047e-05,1.5646657689097163,0.11766129883579579,0.0002735589392605098,0.09599232061435085,0.31215531650166883
l5_imb_1k,ret_250,36213,0.007441230705292732,0.5356040312389747,1.129190306664003e-05,0.4486865138445014,0.6536578146052459,5.537191440863065e-05,0.11485053310331174,0.7130812522966319
l5_imb_1k,ret_500,35963,0.007020594648437987,0.49776202395905234,1.5010139967883963e-05,0.2957049878852691,0.7674553876753741,4.9288749217391015e-05,0.14711053139000738,0.8186190801870658
l5_imb_uni,ret_1,36462,0.00534910949194714,0.14555848604573854,8.094760570019675e-07,0.706271872440542,0.4800190818518365,2.8612972357566768e-05,0.14315642458100558,0.5358352541601896
l5_imb_uni,ret_5,36458,0.011803603892444907,0.3338158347638681,3.8112723710230335e-06,1.1731660791429108,0.2407292119136989,0.00013932506485037077,0.1319184939716562,0.33985300505463373
l5_imb_uni,ret_10,36453,0.02030433626124031,0.393531235242826,9.125070226601101e-06,1.3927543557022843,0.16369408539288155,0.000412266071009304,0.12884707383192473,0.31215531650166883
l5_imb_uni,ret_25,36438,0.03157371313010744,0.45120513303158893,2.221350663518689e-05,1.457675827155347,0.14492991790912374,0.0009968993608223675,0.11635283253703778,0.31215531650166883
l5_imb_uni,ret_50,36413,0.034385168830087895,0.4678102757753227,3.396880453847385e-05,1.5287548863252296,0.12632522007982358,0.0011823398354731118,0.10128416866089184,0.31215531650166883
l5_imb_uni,ret_100,36363,0.025335088906077885,0.4678488441038804,3.530207786036375e-05,1.4063086666251146,0.15963248774061523,0.0006418667298789815,0.09632229421646268,0.31215531650166883
l5_imb_uni,ret_250,36213,0.019415865165637314,0.4654933067220391,4.2491996536730994e-05,1.5881506174314843,0.1122522846936771,0.0003769758201300766,0.11462428236092649,0.31215531650166883
l5_imb_uni,ret_500,35963,0.019458249467088354,0.45980538763443357,6.0019415155070256e-05,1.2139710856577564,0.22475876571133224,0.00037862347232342497,0.14679861623093063,0.3269218410346651
microprice_dev,ret_1,36462,-0.026892029852064816,0.10571927201024042,-0.00161772601258449,-1.2919529553468678,0.1963734370810286,0.000723181269564277,0.6480446927374302,0.31215531650166883
microprice_dev,ret_5,36458,-0.039016536602820936,0.2682655976450818,-0.005007851352389316,-1.2554876083672863,0.20930180368402584,0.0015222901284792645,0.6580413170697313,0.31395270552603877
microprice_dev,ret_10,36453,-0.026261403340420486,0.32061792169584163,-0.004691356468681642,-1.1381303340393578,0.25506606334519744,0.0006896613054081513,0.6521554244405464,0.34008808446026323
microprice_dev,ret_25,36438,0.00276152720943838,0.36868737783179634,0.0007722133596060731,0.0835857508285661,0.9333857964783754,7.626032528573745e-06,0.6382944553739912,0.9333857964783755
microprice_dev,ret_50,36413,-0.07447480238259115,0.40046531043599987,-0.029236099409697205,-1.2771241626744037,0.20155841555414522,0.005546496189926309,0.6249283764198321,0.31215531650166883
microprice_dev,ret_100,36363,-0.11775122690306855,0.41215675449490347,-0.06519095523061218,-1.3143626378343745,0.18872419740053348,0.013865351437177709,0.6061015118790497,0.31215531650166883
microprice_dev,ret_250,36213,-0.20410998845030934,0.3893667652670623,-0.17733535644972206,-1.2990603213460719,0.1939232287328171,0.04166088738518514,0.5833026952119686,0.31215531650166883
microprice_dev,ret_500,35963,-0.25847155331568367,0.32777648677172266,-0.31614256087908843,-1.4467960937517954,0.14795404115145322,0.06680754387342269,0.5607383882493053,0.31215531650166883
ofi,ret_1,36462,-0.005230839592254853,-0.021294838740708328,-2.0294430014888414e-06,-2.190622275441148,0.028479137820370547,2.736168283989926e-05,0.6529411764705882,0.31215531650166883
ofi,ret_5,36458,-0.034118148797794366,0.16036027503911418,-2.824297814667857e-05,-1.4044707682772286,0.16017871037679055,0.0011640480773883466,0.8435374149659864,0.31215531650166883
ofi,ret_10,36453,-0.025075329446903584,0.1892299346860029,-2.8889982251710003e-05,-1.4325363076171704,0.15199039498417838,0.0006287721468700713,0.8544575725026853,0.31215531650166883
ofi,ret_25,36438,-0.032147576921757993,0.20856584372457307,-5.797620275103736e-05,-1.5217016407276394,0.12808385632502992,0.0010334667019400445,0.8554389312977099,0.31215531650166883
ofi,ret_50,36413,-0.03228530673681555,0.2186725466879968,-8.173678265401333e-05,-1.6541480262442827,0.09809744000502754,0.0010423410310901327,0.8642678205420178,0.31215531650166883
ofi,ret_100,36363,-0.04905108144985012,0.21538013382382293,-0.00017511225785399974,-1.6201955673352066,0.10519027332310203,0.002406008591399278,0.8598192638307252,0.31215531650166883
ofi,ret_250,36213,-0.09398780046037841,0.20694057949624473,-0.0005265275052439227,-1.4180495306248333,0.15617630453353612,0.008833706635379635,0.8456682629516761,0.31215531650166883
ofi,ret_500,35963,-0.12634396150192848,0.18249444779713708,-0.0009948095581756183,-1.5310376804972925,0.12576008029623906,0.01596279660800104,0.8132780082987552,0.31215531650166883
rel_spread,ret_1,36462,0.0280784365977599,-0.04928564355320384,0.0007235008457829113,1.2770054913299693,0.20160030857399447,0.000788398601773932,0.8568435754189944,0.31215531650166883
rel_spread,ret_5,36458,0.060394264384724755,-0.08887628431564595,0.0033203374320427003,1.4041244351620008,0.16028179846497126,0.003647467170572738,0.8677994782486075,0.31215531650166883
rel_spread,ret_10,36453,0.0843102970256947,-0.12313383966208373,0.006451248622682976,1.4177485775420966,0.15626418206600237,0.007108226184560862,0.8709403072343592,0.31215531650166883
rel_spread,ret_25,36438,0.132297435683881,-0.15875394041837668,0.015845961546602012,1.432275444341983,0.15206500776175833,0.017502611488531383,0.8834865700405509,0.31215531650166883
rel_spread,ret_50,36413,0.18702233975774854,-0.18480399849358992,0.031446835954003285,1.4504986804462379,0.14691950689590538,0.034977355568462376,0.8985810104823216,0.31215531650166883
rel_spread,ret_100,36363,0.26469204703404603,-0.1952078048338333,0.06275760126555463,1.4847523952985007,0.13760942658790326,0.07006187976307365,0.9035577153827694,0.31215531650166883
rel_spread,ret_250,36213,0.3824104028400089,-0.16470659395381076,0.14226382904072638,1.4261806839530216,0.15381619377624348,0.14623771620025783,0.8852625922678808,0.31215531650166883
rel_spread,ret_500,35963,0.525242359952367,-0.08856527318936962,0.27461572013915597,1.5418430639031053,0.12311173446248395,0.27587953668833165,0.8532580956161743,0.31215531650166883
